pid.label1,extra1,...
train/151.txt,DEFECTIVENESS/SHAME (DS),B0,DEFECTIVENESS/SHAME (DS),Ge2,DEFECTIVENESS/SHAME (DS),Ge2,DEFECTIVENESS/SHAME (DS),GP2,DEFECTIVENESS/SHAME (DS),GP2
train/153.txt,SOCIAL ISOLATION/ALIENATION (SI),B0
train/142.txt,DEFECTIVENESS/SHAME (DS),B0,INSUFFICIENT SELF-CONTROL/SELF-DISCIPLINE (IS),Ge1,DEFECTIVENESS/SHAME (DS),GP2,DEFECTIVENESS/SHAME (DS),GP2
train/120.txt,MISTRUST/ABUSE (MA),B0,MISTRUST/ABUSE (MA),Ge2,FAILURE TO ACHIEVE (FA),Ge2,FAILURE TO ACHIEVE (FA),GP1,MISTRUST/ABUSE (MA),GP2
train/91.txt,EMOTIONAL DEPRIVATION (ED),B0,DEPENDENCE/INCOMPETENCE (DI),B0,ABANDONMENT/INSTABILITY (AB),B0
train/114.txt,DEFECTIVENESS/SHAME (DS),B0,ENMESHMENT/UNDEVELOPED SELF (EM),B0,EMOTIONAL DEPRIVATION (ED),Ge1,MISTRUST/ABUSE (MA),GP1
train/123.txt,SOCIAL ISOLATION/ALIENATION (SI),B0,EMOTIONAL INHIBITION (EI),B0
train/408.txt,INSUFFICIENT SELF-CONTROL/SELF-DISCIPLINE (IS),B0,NEGATIVITY/PESSIMISM (NP),B0
train/289.txt,DEFECTIVENESS/SHAME (DS),B0,APPROVAL-SEEKING/RECOGNITION-SEEKING (AS),B0,DEFECTIVENESS/SHAME (DS),Ge2
train/296.txt,EMOTIONAL DEPRIVATION (ED),B0,SOCIAL ISOLATION/ALIENATION (SI),Ge1,EMOTIONAL DEPRIVATION (ED),GP2,EMOTIONAL DEPRIVATION (ED),GP2
train/302.txt,APPROVAL-SEEKING/RECOGNITION-SEEKING (AS),B0,MISTRUST/ABUSE (MA),Ge2,DEFECTIVENESS/SHAME (DS),Ge1,MISTRUST/ABUSE (MA),GP1,SUBJUGATION (SB),GP1
train/365.txt
train/382.txt,ABANDONMENT/INSTABILITY (AB),B0,ABANDONMENT/INSTABILITY (AB),GP2
train/373.txt,MISTRUST/ABUSE (MA),Ge1
val/248.txt,PUNITIVENESS (PU),B0
train/718.txt,ABANDONMENT/INSTABILITY (AB),B0
train/717.txt,ABANDONMENT/INSTABILITY (AB),B0,EMOTIONAL DEPRIVATION (ED),B0,EMOTIONAL DEPRIVATION (ED),GP2
train/210.txt,APPROVAL-SEEKING/RECOGNITION-SEEKING (AS),Ge1,DEFECTIVENESS/SHAME (DS),GP2,ENMESHMENT/UNDEVELOPED SELF (EM),GP1
train/208.txt,ABANDONMENT/INSTABILITY (AB),B0,EMOTIONAL DEPRIVATION (ED),B0
train/422.txt,EMOTIONAL DEPRIVATION (ED),B0,ABANDONMENT/INSTABILITY (AB),Ge1,EMOTIONAL DEPRIVATION (ED),GP2,MISTRUST/ABUSE (MA),GP1
train/424.txt,INSUFFICIENT SELF-CONTROL/SELF-DISCIPLINE (IS),B0
train/282.txt,ABANDONMENT/INSTABILITY (AB),B0,MISTRUST/ABUSE (MA),B0,EMOTIONAL DEPRIVATION (ED),Ge1,SOCIAL ISOLATION/ALIENATION (SI),GP1
train/286.txt,DEFECTIVENESS/SHAME (DS),B0,INSUFFICIENT SELF-CONTROL/SELF-DISCIPLINE (IS),B0
train/375.txt,EMOTIONAL INHIBITION (EI),B0
train/368.txt,MISTRUST/ABUSE (MA),Ge1
train/678.txt,MISTRUST/ABUSE (MA),B0,DEFECTIVENESS/SHAME (DS),B0,SOCIAL ISOLATION/ALIENATION (SI),B0
train/46.txt,EMOTIONAL DEPRIVATION (ED),B0,EMOTIONAL DEPRIVATION (ED),Ge2,EMOTIONAL DEPRIVATION (ED),Ge2,EMOTIONAL DEPRIVATION (ED),GP2,EMOTIONAL DEPRIVATION (ED),GP2
