train/151.txt	7.  VULNERABILITY TO HARM OR ILLNESS  (VH)	16.  EMOTIONAL INHIBITION (EI)	15. NEGATIVITY  /  PESSIMISM  (NP)
train/153.txt	5.  SOCIAL ISOLATION / ALIENATION   (SI)
train/142.txt	17.  UNRELENTING STANDARDS /  HYPERCRITICALNESS  (US)	18.  PUNITIVENESS  (PU)
train/120.txt	5.  SOCIAL ISOLATION / ALIENATION   (SI)	1.  ABANDONMENT /  INSTABILITY   (AB)	4.  DEFECTIVENESS / SHAME  (DS)	15. NEGATIVITY  /  PESSIMISM  (NP)	6.  DEPENDENCE / INCOMPETENCE (DI)
train/91.txt	3.  EMOTIONAL DEPRIVATION (ED)	6.  DEPENDENCE / INCOMPETENCE (DI)
train/114.txt	4.  DEFECTIVENESS / SHAME  (DS)	5.  SOCIAL ISOLATION / ALIENATION   (SI)
train/123.txt	7.  VULNERABILITY TO HARM OR ILLNESS  (VH)
train/408.txt	NONE_APPLICABLE
train/289.txt	7.  VULNERABILITY TO HARM OR ILLNESS  (VH)	5.  SOCIAL ISOLATION / ALIENATION   (SI)	4.  DEFECTIVENESS / SHAME  (DS)	8.  ENMESHMENT  /  UNDEVELOPED SELF   (EM)	13. SELF-SACRIFICE (SS)	16.  EMOTIONAL INHIBITION (EI)
train/296.txt	1.  ABANDONMENT /  INSTABILITY   (AB)	5.  SOCIAL ISOLATION / ALIENATION   (SI)	14.  APPROVAL-SEEKING  /  RECOGNITION-SEEKING  (AS)	3.  EMOTIONAL DEPRIVATION (ED)	4.  DEFECTIVENESS / SHAME  (DS)
train/302.txt	2.  MISTRUST / ABUSE   (MA)	18.  PUNITIVENESS  (PU)	14.  APPROVAL-SEEKING  /  RECOGNITION-SEEKING  (AS)
train/365.txt	NONE_APPLICABLE
train/382.txt	NONE_APPLICABLE
train/373.txt	7.  VULNERABILITY TO HARM OR ILLNESS  (VH)
val/248.txt	NONE_APPLICABLE
train/718.txt	NONE_APPLICABLE
train/717.txt	1.  ABANDONMENT /  INSTABILITY   (AB)	5.  SOCIAL ISOLATION / ALIENATION   (SI)
train/210.txt	2.  MISTRUST / ABUSE   (MA)	8.  ENMESHMENT  /  UNDEVELOPED SELF   (EM)	17.  UNRELENTING STANDARDS /  HYPERCRITICALNESS  (US)	18.  PUNITIVENESS  (PU)
train/208.txt	7.  VULNERABILITY TO HARM OR ILLNESS  (VH)	15. NEGATIVITY  /  PESSIMISM  (NP)
train/422.txt	5.  SOCIAL ISOLATION / ALIENATION   (SI)
train/424.txt	11. INSUFFICIENT SELF-CONTROL / SELF-DISCIPLINE (IS)
train/282.txt	3.  EMOTIONAL DEPRIVATION (ED)	1.  ABANDONMENT /  INSTABILITY   (AB)	2.  MISTRUST / ABUSE   (MA)	5.  SOCIAL ISOLATION / ALIENATION   (SI)	6.  DEPENDENCE / INCOMPETENCE (DI)
train/286.txt	NONE_APPLICABLE
train/375.txt	8.  ENMESHMENT  /  UNDEVELOPED SELF   (EM)
train/368.txt	NONE_APPLICABLE
train/678.txt	5.  SOCIAL ISOLATION / ALIENATION   (SI)	4.  DEFECTIVENESS / SHAME  (DS)	8.  ENMESHMENT  /  UNDEVELOPED SELF   (EM)	7.  VULNERABILITY TO HARM OR ILLNESS  (VH)	13. SELF-SACRIFICE (SS)	9.  FAILURE TO ACHIEVE  (FA)	15. NEGATIVITY  /  PESSIMISM  (NP)
train/46.txt	3.  EMOTIONAL DEPRIVATION (ED)	8.  ENMESHMENT  /  UNDEVELOPED SELF   (EM)	5.  SOCIAL ISOLATION / ALIENATION   (SI)	6.  DEPENDENCE / INCOMPETENCE (DI)	2.  MISTRUST / ABUSE   (MA)
