train/151.txt	7.  VULNERABILITY TO HARM OR ILLNESS  (VH)	18.  PUNITIVENESS  (PU)	2.  MISTRUST / ABUSE   (MA)	15. NEGATIVITY  /  PESSIMISM  (NP)
train/153.txt	7.  VULNERABILITY TO HARM OR ILLNESS  (VH)	2.  MISTRUST / ABUSE   (MA)	16.  EMOTIONAL INHIBITION (EI)	5.  SOCIAL ISOLATION / ALIENATION   (SI)
train/142.txt	15. NEGATIVITY  /  PESSIMISM  (NP)	6.  DEPENDENCE / INCOMPETENCE (DI)	11. INSUFFICIENT SELF-CONTROL / SELF-DISCIPLINE (IS)
train/120.txt	5.  SOCIAL ISOLATION / ALIENATION   (SI)	6.  DEPENDENCE / INCOMPETENCE (DI)	1.  ABANDONMENT /  INSTABILITY   (AB)
train/91.txt	6.  DEPENDENCE / INCOMPETENCE (DI)	1.  ABANDONMENT /  INSTABILITY   (AB)	3.  EMOTIONAL DEPRIVATION (ED)	11. INSUFFICIENT SELF-CONTROL / SELF-DISCIPLINE (IS)
train/114.txt	6.  DEPENDENCE / INCOMPETENCE (DI)	1.  ABANDONMENT /  INSTABILITY   (AB)	13. SELF-SACRIFICE (SS)
train/123.txt	7.  VULNERABILITY TO HARM OR ILLNESS  (VH)	6.  DEPENDENCE / INCOMPETENCE (DI)
train/408.txt	10.  ENTITLEMENT / GRANDIOSITY  (ET)	11. INSUFFICIENT SELF-CONTROL / SELF-DISCIPLINE (IS)	13. SELF-SACRIFICE (SS)	18.  PUNITIVENESS  (PU)
train/289.txt	16.  EMOTIONAL INHIBITION (EI)	7.  VULNERABILITY TO HARM OR ILLNESS  (VH)	9.  FAILURE TO ACHIEVE  (FA)	2.  MISTRUST / ABUSE   (MA)	6.  DEPENDENCE / INCOMPETENCE (DI)
train/296.txt	3.  EMOTIONAL DEPRIVATION (ED)	5.  SOCIAL ISOLATION / ALIENATION   (SI)	1.  ABANDONMENT /  INSTABILITY   (AB)	4.  DEFECTIVENESS / SHAME  (DS)
train/302.txt	14.  APPROVAL-SEEKING  /  RECOGNITION-SEEKING  (AS)	4.  DEFECTIVENESS / SHAME  (DS)	2.  MISTRUST / ABUSE   (MA)
train/365.txt	2.  MISTRUST / ABUSE   (MA)	7.  VULNERABILITY TO HARM OR ILLNESS  (VH)
train/382.txt	
train/373.txt	2.  MISTRUST / ABUSE   (MA)
val/248.txt	
train/718.txt	13. SELF-SACRIFICE (SS)
train/717.txt	15. NEGATIVITY  /  PESSIMISM  (NP)	7.  VULNERABILITY TO HARM OR ILLNESS  (VH)	1.  ABANDONMENT /  INSTABILITY   (AB)
train/210.txt	4.  DEFECTIVENESS / SHAME  (DS)	18.  PUNITIVENESS  (PU)	13. SELF-SACRIFICE (SS)	16.  EMOTIONAL INHIBITION (EI)
train/208.txt	1.  ABANDONMENT /  INSTABILITY   (AB)	3.  EMOTIONAL DEPRIVATION (ED)	8.  ENMESHMENT  /  UNDEVELOPED SELF   (EM)	17.  UNRELENTING STANDARDS /  HYPERCRITICALNESS  (US)
train/422.txt	11. INSUFFICIENT SELF-CONTROL / SELF-DISCIPLINE (IS)	10.  ENTITLEMENT / GRANDIOSITY  (ET)	5.  SOCIAL ISOLATION / ALIENATION   (SI)	12.  SUBJUGATION  (SB)
train/424.txt	16.  EMOTIONAL INHIBITION (EI)	11. INSUFFICIENT SELF-CONTROL / SELF-DISCIPLINE (IS)	2.  MISTRUST / ABUSE   (MA)	12.  SUBJUGATION  (SB)	10.  ENTITLEMENT / GRANDIOSITY  (ET)
train/282.txt	6.  DEPENDENCE / INCOMPETENCE (DI)	1.  ABANDONMENT /  INSTABILITY   (AB)	3.  EMOTIONAL DEPRIVATION (ED)	8.  ENMESHMENT  /  UNDEVELOPED SELF   (EM)
train/286.txt	14.  APPROVAL-SEEKING  /  RECOGNITION-SEEKING  (AS)	4.  DEFECTIVENESS / SHAME  (DS)	1.  ABANDONMENT /  INSTABILITY   (AB)
train/375.txt	18.  PUNITIVENESS  (PU)	17.  UNRELENTING STANDARDS /  HYPERCRITICALNESS  (US)
train/368.txt	2.  MISTRUST / ABUSE   (MA)
train/678.txt	2.  MISTRUST / ABUSE   (MA)	18.  PUNITIVENESS  (PU)	11. INSUFFICIENT SELF-CONTROL / SELF-DISCIPLINE (IS)
train/46.txt	1.  ABANDONMENT /  INSTABILITY   (AB)	2.  MISTRUST / ABUSE   (MA)	5.  SOCIAL ISOLATION / ALIENATION   (SI)	8.  ENMESHMENT  /  UNDEVELOPED SELF   (EM)
